Workbook
Name HorizontalMovAvg1: Kalkulationen!$H$4:INDEX(Kalkulationen!$H:$H,Kalkulationen!$N$3)
Name HorizontalMovAvg2: Kalkulationen!$I$4:INDEX(Kalkulationen!$I:$I,Kalkulationen!$N$3)
Name Time: Kalkulationen!$B$4:INDEX(Kalkulationen!$B:$B,Kalkulationen!$N$3)
Name VertikaleAuslenkung1: Kalkulationen!$K$4:INDEX(Kalkulationen!$K:$K,Kalkulationen!$N$3)
Name VertikaleAuslenkung2: Kalkulationen!$L$4:INDEX(Kalkulationen!$L:$L,Kalkulationen!$N$3)

Sheet Auswertung
B1: Auswertungsprotokoll Schwingungsmesssystem (F.Weigand)
B3: Hersteller: | F3: Rover 1: | J3: Rover 2:
B4: Maschinenbezeichnung: | F4: RTK Qualität: | G4: =MAX(CSV_Import!H2:H1048576) -> 0 | J4: RTK Qualität: | K4: =MAX(CSV_Import!Y2:Y1048576) -> 0
B5: Anhängetyp: | C5: gezogen | F5: Datum: | G5: =CSV_Import!F2 -> 0 | J5: Datum: | K5: =CSV_Import!W2 -> 0
B6: Nennvolumen: | C6: 6000 | D6: l | F6: Messdauer: | G6: =(MAX(CSV_Import!G2:G1048576)-MIN(CSV_Import!G2:G1048576))/1000 -> 0 | H6: s | J6: Messdauer: | K6: =(MAX(CSV_Import!X2:X1048576)-MIN(CSV_Import!X2:X1048576))/1000 -> 0 | L6: s
B7: Gestängebreite: | C7: 36 | D7: m
B8: Offset Rover von Gestänge Außenkante: | C8: 8 | D8: cm | F8: Genauigkeit Heading: | J8: Genauigkeit Heading:
B9: Messdetails: | F9: Maximalwert Genauigkeit: | G9: =ROUND(MAX(CSV_Import!K2:K1048576),4) -> 0 | H9: deg | J9: Maximalwert Genauigkeit: | K9: =ROUND(MAX(CSV_Import!AB2:AB1048576),4) -> 0 | L9: deg
F10: Median: | G10: =ROUND(MEDIAN(CSV_Import!K2:K1048576),4) -> #NUM! | H10: deg | J10: Median: | K10: =ROUND(MEDIAN(CSV_Import!AB2:AB1048576),4) -> #NUM! | L10: deg
B11: RTK Qualität:
B12: 2D GNSS fix | C12: 1/2 | F12: Horizontale Bewegung: | J12: Horizontale Bewegung:
B13: 3D GNSS fix | C13: 1/2 | F13: Maximale Positive Auslenkung: | G13: =ROUND(MAX(CSV_Import!E2:E1048576),4) -> 0 | H13: deg | J13: Maximale Positive Auslenkung: | K13: =ROUND(MAX(CSV_Import!V2:V1048576),4) -> 0 | L13: deg
B14: RTK fixed | C14: 4 | F14: Minimale Negative Auslenkung | G14: =ROUND(MIN(CSV_Import!E2:E1048576),4) -> 0 | H14: deg | J14: Minimale Negative Auslenkung | K14: =ROUND(MIN(CSV_Import!V2:V1048576),4) -> 0 | L14: deg
B15: RTK float | C15: 5 | F15: Median: | G15: =ROUND(MEDIAN(CSV_Import!E2:E1048576),4) -> #NUM! | H15: deg | J15: Median: | K15: =ROUND(MEDIAN(CSV_Import!V2:V1048576),4) -> #NUM! | L15: deg
B16: Dead reckoning fix | C16: 6
F17: =F13 -> Maximale Positive Auslenkung: | G17: =ROUND(SIN(RADIANS(G13))*(($C$7*100)/2-$C$8),2) -> 0 | H17: cm | J17: =J13 -> Maximale Positive Auslenkung: | K17: =ROUND(SIN(RADIANS(K13))*(($C$7*100)/2-$C$8),2) -> 0 | L17: cm
B18: Base: | F18: =F14 -> Minimale Negative Auslenkung | G18: =ROUND(SIN(RADIANS(G14))*(($C$7*100)/2-$C$8),2) -> 0 | H18: cm | J18: =J14 -> Minimale Negative Auslenkung | K18: =ROUND(SIN(RADIANS(K14))*(($C$7*100)/2-$C$8),2) -> 0 | L18: cm
B19: Maximale Geschwindigeit: | C19: =ROUND(MAX(CSV_Import!AO:AO),2) -> 0 | D19: km/h | F19: =F15 -> Median: | G19: =ROUND(SIN(RADIANS(G15))*(($C$7*100)/2-$C$8),2) -> #NUM! | H19: cm | J19: =J15 -> Median: | K19: =ROUND(SIN(RADIANS(K15))*(($C$7*100)/2-$C$8),2) -> #NUM! | L19: cm
B20: Minimale Satelliten Sichtbar: | C20: =MIN(CSV_Import!AK:AK) -> 0
B21: maximaler HDOP wert: | C21: =MAX(CSV_Import!AL:AL) -> 0 | F21: Vertikale Bewegung: | J21: Vertikale Bewegung:
F22: Maximale Höhe: | G22: =ROUND(MAX(Kalkulationen!K4:K1048576),4) -> 0 | H22: cm | J22: Maximale Höhe: | K22: =ROUND(MAX(Kalkulationen!L4:L1048576),4) -> 0 | L22: cm
F23: Minimale Höhe: | G23: =ROUND(MIN(Kalkulationen!K4:K1048576),4) -> 0 | H23: cm | J23: Minimale Höhe: | K23: =ROUND(MIN(Kalkulationen!L4:L1048576),4) -> 0 | L23: cm
B24: Angaben [deg] in 1e-5 | F24: Median | G24: =ROUND(MEDIAN(Kalkulationen!K4:K1048576),4) -> 0 | H24: cm | J24: Median | K24: =ROUND(MEDIAN(Kalkulationen!L4:L1048576),4) -> 0 | L24: cm

Sheet CSV_Import
A1: R1_Heading | B1: R1_absolute_Heading | C1: Rover_1_Ang_velo | D1: R1_delta_Heading | E1: R1_mov_avg_Heading | F1: R1_Rover_date | G1: R1_Rover_time | H1: Rover_1_Quality | I1: R1_Rover_lon | J1: R1_Rover_lat | K1: Rover_1_accHeading | L1: Rover_1_N | M1: Rover_1_E | N1: Rover_1_D | O1: Rover_1_alt | P1: Rover_1_height_varriation | Q1: Rover_1_Speed | R1: R2_Heading | S1: R2_absolute_Heading | T1: Rover_2_Ang_velo | U1: R2_delta_Heading | V1: R2_mov_avg_Heading | W1: R2_Rover_date | X1: R2_Rover_time | Y1: Rover_2_Quality | Z1: R2_Rover_lon | AA1: R2_Rover_lat | AB1: Rover_2_accHeading | AC1: Rover_2_N | AD1: Rover_2_E | AE1: Rover_2_D | AF1: Rover_2_alt | AG1: Rover_2_height_varriation | AH1: Rover_2_Speed | AI1: Base_lon | AJ1: Base_lat | AK1: Base_NumSV | AL1: Base_HDOP | AM1: Base_alt | AN1: Base_Time | AO1: Base_Speed | AP1: Base_Heading

Sheet Kalkulationen
A1: Kalkulationen
D2: Horizontale Auslenkung in cm | K2: Vertikale Bewegung
B3: Rover_time | D3: R1_HA_delta | E3: R2_HA_delta | F3: R1_HA_abs | G3: R2_HA_abs | H3: R1_HA_mov_avg | I3: R2_HA_mov_avg | K3: R1_VA | L3: R2_VA | N3: =COUNTA(CSV_Import!A:A)+2 -> 3
B4: =(CSV_Import!G2-CSV_Import!$G$2)/1000 -> 0 | D4: =ROUND(TAN(RADIANS(CSV_Import!D2))*((Auswertung!$C$7*100)/2-Auswertung!$C$8),3) -> 0 | E4: =ROUND(TAN(RADIANS(CSV_Import!U2))*((Auswertung!$C$7/2)*100-Auswertung!$C$8),3) -> 0 | F4: =ROUND(TAN(RADIANS(CSV_Import!B2))*((Auswertung!$C$7/2)*100-Auswertung!$C$8),3) -> 0 | G4: =ROUND(TAN(RADIANS(CSV_Import!S2))*((Auswertung!$C$7/2)*100-Auswertung!$C$8),3) -> 0 | H4: =ROUND(TAN(RADIANS(CSV_Import!E2))*((Auswertung!$C$7/2)*100-Auswertung!$C$8),3) -> 0 | I4: =ROUND(TAN(RADIANS(CSV_Import!V2))*((Auswertung!$C$7/2)*100-Auswertung!$C$8),3) -> 0 | K4: =(CSV_Import!$N$2-CSV_Import!N2) -> 0 | L4: =(CSV_Import!$AE$2-CSV_Import!AE2) -> 0
B5: =(CSV_Import!G3-CSV_Import!$G$2)/1000 -> 0 | D5: =ROUND(TAN(RADIANS(CSV_Import!D3))*((Auswertung!$C$7*100)/2-Auswertung!$C$8),3) -> 0 | E5: =ROUND(TAN(RADIANS(CSV_Import!U3))*((Auswertung!$C$7/2)*100-Auswertung!$C$8),3) -> 0 | F5: =ROUND(TAN(RADIANS(CSV_Import!B3))*((Auswertung!$C$7/2)*100-Auswertung!$C$8),3) -> 0 | G5: =ROUND(TAN(RADIANS(CSV_Import!S3))*((Auswertung!$C$7/2)*100-Auswertung!$C$8),3) -> 0 | H5: =ROUND(TAN(RADIANS(CSV_Import!E3))*((Auswertung!$C$7/2)*100-Auswertung!$C$8),3) -> 0 | I5: =ROUND(TAN(RADIANS(CSV_Import!V3))*((Auswertung!$C$7/2)*100-Auswertung!$C$8),3) -> 0 | K5: =(CSV_Import!$N$2-CSV_Import!N3) -> 0 | L5: =(CSV_Import!$AE$2-CSV_Import!AE3) -> 0
B6: =(CSV_Import!G4-CSV_Import!$G$2)/1000 -> 0 | D6: =ROUND(TAN(RADIANS(CSV_Import!D4))*((Auswertung!$C$7*100)/2-Auswertung!$C$8),3) -> 0 | E6: =ROUND(TAN(RADIANS(CSV_Import!U4))*((Auswertung!$C$7/2)*100-Auswertung!$C$8),3) -> 0 | F6: =ROUND(TAN(RADIANS(CSV_Import!B4))*((Auswertung!$C$7/2)*100-Auswertung!$C$8),3) -> 0 | G6: =ROUND(TAN(RADIANS(CSV_Import!S4))*((Auswertung!$C$7/2)*100-Auswertung!$C$8),3) -> 0 | H6: =ROUND(TAN(RADIANS(CSV_Import!E4))*((Auswertung!$C$7/2)*100-Auswertung!$C$8),3) -> 0 | I6: =ROUND(TAN(RADIANS(CSV_Import!V4))*((Auswertung!$C$7/2)*100-Auswertung!$C$8),3) -> 0 | K6: =(CSV_Import!$N$2-CSV_Import!N4) -> 0 | L6: =(CSV_Import!$AE$2-CSV_Import!AE4) -> 0
B7: =(CSV_Import!G5-CSV_Import!$G$2)/1000 -> 0 | D7: =ROUND(TAN(RADIANS(CSV_Import!D5))*((Auswertung!$C$7*100)/2-Auswertung!$C$8),3) -> 0 | E7: =ROUND(TAN(RADIANS(CSV_Import!U5))*((Auswertung!$C$7/2)*100-Auswertung!$C$8),3) -> 0 | F7: =ROUND(TAN(RADIANS(CSV_Import!B5))*((Auswertung!$C$7/2)*100-Auswertung!$C$8),3) -> 0 | G7: =ROUND(TAN(RADIANS(CSV_Import!S5))*((Auswertung!$C$7/2)*100-Auswertung!$C$8),3) -> 0 | H7: =ROUND(TAN(RADIANS(CSV_Import!E5))*((Auswertung!$C$7/2)*100-Auswertung!$C$8),3) -> 0 | I7: =ROUND(TAN(RADIANS(CSV_Import!V5))*((Auswertung!$C$7/2)*100-Auswertung!$C$8),3) -> 0 | K7: =(CSV_Import!$N$2-CSV_Import!N5) -> 0 | L7: =(CSV_Import!$AE$2-CSV_Import!AE5) -> 0
B8: =(CSV_Import!G6-CSV_Import!$G$2)/1000 -> 0 | D8: =ROUND(TAN(RADIANS(CSV_Import!D6))*((Auswertung!$C$7*100)/2-Auswertung!$C$8),3) -> 0 | E8: =ROUND(TAN(RADIANS(CSV_Import!U6))*((Auswertung!$C$7/2)*100-Auswertung!$C$8),3) -> 0 | F8: =ROUND(TAN(RADIANS(CSV_Import!B6))*((Auswertung!$C$7/2)*100-Auswertung!$C$8),3) -> 0 | G8: =ROUND(TAN(RADIANS(CSV_Import!S6))*((Auswertung!$C$7/2)*100-Auswertung!$C$8),3) -> 0 | H8: =ROUND(TAN(RADIANS(CSV_Import!E6))*((Auswertung!$C$7/2)*100-Auswertung!$C$8),3) -> 0 | I8: =ROUND(TAN(RADIANS(CSV_Import!V6))*((Auswertung!$C$7/2)*100-Auswertung!$C$8),3) -> 0 | K8: =(CSV_Import!$N$2-CSV_Import!N6) -> 0 | L8: =(CSV_Import!$AE$2-CSV_Import!AE6) -> 0
B9: =(CSV_Import!G7-CSV_Import!$G$2)/1000 -> 0 | D9: =ROUND(TAN(RADIANS(CSV_Import!D7))*((Auswertung!$C$7*100)/2-Auswertung!$C$8),3) -> 0 | E9: =ROUND(TAN(RADIANS(CSV_Import!U7))*((Auswertung!$C$7/2)*100-Auswertung!$C$8),3) -> 0 | F9: =ROUND(TAN(RADIANS(CSV_Import!B7))*((Auswertung!$C$7/2)*100-Auswertung!$C$8),3) -> 0 | G9: =ROUND(TAN(RADIANS(CSV_Import!S7))*((Auswertung!$C$7/2)*100-Auswertung!$C$8),3) -> 0 | H9: =ROUND(TAN(RADIANS(CSV_Import!E7))*((Auswertung!$C$7/2)*100-Auswertung!$C$8),3) -> 0 | I9: =ROUND(TAN(RADIANS(CSV_Import!V7))*((Auswertung!$C$7/2)*100-Auswertung!$C$8),3) -> 0 | K9: =(CSV_Import!$N$2-CSV_Import!N7) -> 0 | L9: =(CSV_Import!$AE$2-CSV_Import!AE7) -> 0
B10: =(CSV_Import!G8-CSV_Import!$G$2)/1000 -> 0 | D10: =ROUND(TAN(RADIANS(CSV_Import!D8))*((Auswertung!$C$7*100)/2-Auswertung!$C$8),3) -> 0 | E10: =ROUND(TAN(RADIANS(CSV_Import!U8))*((Auswertung!$C$7/2)*100-Auswertung!$C$8),3) -> 0 | F10: =ROUND(TAN(RADIANS(CSV_Import!B8))*((Auswertung!$C$7/2)*100-Auswertung!$C$8),3) -> 0 | G10: =ROUND(TAN(RADIANS(CSV_Import!S8))*((Auswertung!$C$7/2)*100-Auswertung!$C$8),3) -> 0 | H10: =ROUND(TAN(RADIANS(CSV_Import!E8))*((Auswertung!$C$7/2)*100-Auswertung!$C$8),3) -> 0 | I10: =ROUND(TAN(RADIANS(CSV_Import!V8))*((Auswertung!$C$7/2)*100-Auswertung!$C$8),3) -> 0 | K10: =(CSV_Import!$N$2-CSV_Import!N8) -> 0 | L10: =(CSV_Import!$AE$2-CSV_Import!AE8) -> 0
B11: =(CSV_Import!G9-CSV_Import!$G$2)/1000 -> 0 | D11: =ROUND(TAN(RADIANS(CSV_Import!D9))*((Auswertung!$C$7*100)/2-Auswertung!$C$8),3) -> 0 | E11: =ROUND(TAN(RADIANS(CSV_Import!U9))*((Auswertung!$C$7/2)*100-Auswertung!$C$8),3) -> 0 | F11: =ROUND(TAN(RADIANS(CSV_Import!B9))*((Auswertung!$C$7/2)*100-Auswertung!$C$8),3) -> 0 | G11: =ROUND(TAN(RADIANS(CSV_Import!S9))*((Auswertung!$C$7/2)*100-Auswertung!$C$8),3) -> 0 | H11: =ROUND(TAN(RADIANS(CSV_Import!E9))*((Auswertung!$C$7/2)*100-Auswertung!$C$8),3) -> 0 | I11: =ROUND(TAN(RADIANS(CSV_Import!V9))*((Auswertung!$C$7/2)*100-Auswertung!$C$8),3) -> 0 | K11: =(CSV_Import!$N$2-CSV_Import!N9) -> 0 | L11: =(CSV_Import!$AE$2-CSV_Import!AE9) -> 0
B12: =(CSV_Import!G10-CSV_Import!$G$2)/1000 -> 0 | D12: =ROUND(TAN(RADIANS(CSV_Import!D10))*((Auswertung!$C$7*100)/2-Auswertung!$C$8),3) -> 0 | E12: =ROUND(TAN(RADIANS(CSV_Import!U10))*((Auswertung!$C$7/2)*100-Auswertung!$C$8),3) -> 0 | F12: =ROUND(TAN(RADIANS(CSV_Import!B10))*((Auswertung!$C$7/2)*100-Auswertung!$C$8),3) -> 0 | G12: =ROUND(TAN(RADIANS(CSV_Import!S10))*((Auswertung!$C$7/2)*100-Auswertung!$C$8),3) -> 0 | H12: =ROUND(TAN(RADIANS(CSV_Import!E10))*((Auswertung!$C$7/2)*100-Auswertung!$C$8),3) -> 0 | I12: =ROUND(TAN(RADIANS(CSV_Import!V10))*((Auswertung!$C$7/2)*100-Auswertung!$C$8),3) -> 0 | K12: =(CSV_Import!$N$2-CSV_Import!N10) -> 0 | L12: =(CSV_Import!$AE$2-CSV_Import!AE10) -> 0
B13: =(CSV_Import!G11-CSV_Import!$G$2)/1000 -> 0 | D13: =ROUND(TAN(RADIANS(CSV_Import!D11))*((Auswertung!$C$7*100)/2-Auswertung!$C$8),3) -> 0 | E13: =ROUND(TAN(RADIANS(CSV_Import!U11))*((Auswertung!$C$7/2)*100-Auswertung!$C$8),3) -> 0 | F13: =ROUND(TAN(RADIANS(CSV_Import!B11))*((Auswertung!$C$7/2)*100-Auswertung!$C$8),3) -> 0 | G13: =ROUND(TAN(RADIANS(CSV_Import!S11))*((Auswertung!$C$7/2)*100-Auswertung!$C$8),3) -> 0 | H13: =ROUND(TAN(RADIANS(CSV_Import!E11))*((Auswertung!$C$7/2)*100-Auswertung!$C$8),3) -> 0 | I13: =ROUND(TAN(RADIANS(CSV_Import!V11))*((Auswertung!$C$7/2)*100-Auswertung!$C$8),3) -> 0 | K13: =(CSV_Import!$N$2-CSV_Import!N11) -> 0 | L13: =(CSV_Import!$AE$2-CSV_Import!AE11) -> 0
B14: =(CSV_Import!G12-CSV_Import!$G$2)/1000 -> 0 | D14: =ROUND(TAN(RADIANS(CSV_Import!D12))*((Auswertung!$C$7*100)/2-Auswertung!$C$8),3) -> 0 | E14: =ROUND(TAN(RADIANS(CSV_Import!U12))*((Auswertung!$C$7/2)*100-Auswertung!$C$8),3) -> 0 | F14: =ROUND(TAN(RADIANS(CSV_Import!B12))*((Auswertung!$C$7/2)*100-Auswertung!$C$8),3) -> 0 | G14: =ROUND(TAN(RADIANS(CSV_Import!S12))*((Auswertung!$C$7/2)*100-Auswertung!$C$8),3) -> 0 | H14: =ROUND(TAN(RADIANS(CSV_Import!E12))*((Auswertung!$C$7/2)*100-Auswertung!$C$8),3) -> 0 | I14: =ROUND(TAN(RADIANS(CSV_Import!V12))*((Auswertung!$C$7/2)*100-Auswertung!$C$8),3) -> 0 | K14: =(CSV_Import!$N$2-CSV_Import!N12) -> 0 | L14: =(CSV_Import!$AE$2-CSV_Import!AE12) -> 0
B15: =(CSV_Import!G13-CSV_Import!$G$2)/1000 -> 0 | D15: =ROUND(TAN(RADIANS(CSV_Import!D13))*((Auswertung!$C$7*100)/2-Auswertung!$C$8),3) -> 0 | E15: =ROUND(TAN(RADIANS(CSV_Import!U13))*((Auswertung!$C$7/2)*100-Auswertung!$C$8),3) -> 0 | F15: =ROUND(TAN(RADIANS(CSV_Import!B13))*((Auswertung!$C$7/2)*100-Auswertung!$C$8),3) -> 0 | G15: =ROUND(TAN(RADIANS(CSV_Import!S13))*((Auswertung!$C$7/2)*100-Auswertung!$C$8),3) -> 0 | H15: =ROUND(TAN(RADIANS(CSV_Import!E13))*((Auswertung!$C$7/2)*100-Auswertung!$C$8),3) -> 0 | I15: =ROUND(TAN(RADIANS(CSV_Import!V13))*((Auswertung!$C$7/2)*100-Auswertung!$C$8),3) -> 0 | K15: =(CSV_Import!$N$2-CSV_Import!N13) -> 0 | L15: =(CSV_Import!$AE$2-CSV_Import!AE13) -> 0
... B104: =(CSV_Import!G102-CSV_Import!$G$2)/1000 -> 0 | D104: =ROUND(TAN(RADIANS(CSV_Import!D102))*((Auswertung!$C$7*100)/2-Auswertung!$C$8),3) -> 0 | E104: =ROUND(TAN(RADIANS(CSV_Import!U102))*((Auswertung!$C$7/2)*100-Auswertung!$C$8),3) -> 0 | F104: =ROUND(TAN(RADIANS(CSV_Import!B102))*((Auswertung!$C$7/2)*100-Auswertung!$C$8),3) -> 0 | G104: =ROUND(TAN(RADIANS(CSV_Import!S102))*((Auswertung!$C$7/2)*100-Auswertung!$C$8),3) -> 0 | H104: =ROUND(TAN(RADIANS(CSV_Import!E102))*((Auswertung!$C$7/2)*100-Auswertung!$C$8),3) -> 0 | I104: =ROUND(TAN(RADIANS(CSV_Import!V102))*((Auswertung!$C$7/2)*100-Auswertung!$C$8),3) -> 0 | K104: =(CSV_Import!$N$2-CSV_Import!N102) -> 0 | L104: =(CSV_Import!$AE$2-CSV_Import!AE102) -> 0
