Workbook

Sheet Auswertung
B1: Auswertungsprotokoll Schwingungsmessystem (F.Weigand)
B3: Eingabefelder:
B4: Hersteller: | C4: Rau | F4: Rover 1: | J4: Rover 2:
B5: Maschinenbezeichnung: | C5: Spridotrain | F5: RTK Qualität: | G5: =MAX(CSV_Import!G2:G1048576) -> 4 | J5: RTK Qualität: | K5: =MAX(CSV_Import!W2:W1048576) -> 4
B6: Anhängetyp: | C6: gezogen | F6: Datum: | G6: =CSV_Import!E2 -> 45846 | J6: Datum: | K6: =CSV_Import!U2 -> 45846
B7: Nennvolumen: | C7: 3000 | D7: l | F7: Messdauer: | G7: =(MAX(CSV_Import!F2:F1048576)-MIN(CSV_Import!F2:F1048576))/1000 -> 51.9 | H7: s | J7: Messdauer: | K7: =(MAX(CSV_Import!V2:V1048576)-MIN(CSV_Import!V2:V1048576))/1000 -> 51.9 | L7: s
B8: Gestängebreite: | C8: 24 | D8: m
B9: Offset Rover von Gestänge Außenkante: | C9: 5 | D9: cm | F9: Genauigkeit Heading: | J9: Genauigkeit Heading:
F10: Maximalwert Genauigkeit: | G10: =ROUND(MAX(CSV_Import!J2:J1048576),4) -> 0.0468 | H10: deg | J10: Maximalwert Genauigkeit: | K10: =ROUND(MAX(CSV_Import!Z2:Z1048576),4) -> 0.047 | L10: deg
B11: RTK Qualität: | F11: Median: | G11: =ROUND(MEDIAN(CSV_Import!J2:J1048576),4) -> 0.0465 | H11: deg | J11: Median: | K11: =ROUND(MEDIAN(CSV_Import!Z2:Z1048576),4) -> 0.0469 | L11: deg
B12: 2D GNSS fix | C12: 1/2
B13: 3D GNSS fix | C13: 1/2 | F13: Horizontale Bewegung: | J13: Horizontale Bewegung:
B14: RTK fixed | C14: 4 | F14: Maximale Positive Auslenkung: | G14: =ROUND(MAX(CSV_Import!A2:A1048576),4) -> 1.0832 | H14: deg | J14: Maximale Positive Auslenkung: | K14: =ROUND(MAX(CSV_Import!Q2:Q1048576),4) -> 1.0202 | L14: deg
B15: RTK float | C15: 5 | F15: Minimale Negative Auslenkung | G15: =ROUND(MIN(CSV_Import!A2:A1048576),4) -> -1.0534 | H15: deg | J15: Minimale Negative Auslenkung | K15: =ROUND(MIN(CSV_Import!Q2:Q1048576),4) -> -1.1937 | L15: deg
B16: Dead reckoning fix | C16: 6 | F16: Median: | G16: =ROUND(MEDIAN(CSV_Import!A2:A1048576),4) -> 0.3821 | H16: deg | J16: Median: | K16: =ROUND(MEDIAN(CSV_Import!Q2:Q1048576),4) -> 0.1966 | L16: deg
B18: Base: | F18: =F14 -> Maximale Positive Auslenkung: | G18: =ROUND(TAN(RADIANS(G14))*(($C$8*100)/2-$C$9),2) -> 22.59 | H18: cm | J18: =J14 -> Maximale Positive Auslenkung: | K18: =ROUND(TAN(RADIANS(K14))*(($C$8*100)/2-$C$9),2) -> 21.28 | L18: cm
B19: Maximale Geschwindigeit: | C19: =ROUND(MAX(CSV_Import!AM:AM),2) -> 5.12 | D19: km/h | F19: =F15 -> Minimale Negative Auslenkung | G19: =ROUND(TAN(RADIANS(G15))*(($C$8*100)/2-$C$9),2) -> -21.97 | H19: cm | J19: =J15 -> Minimale Negative Auslenkung | K19: =ROUND(TAN(RADIANS(K15))*(($C$8*100)/2-$C$9),2) -> -24.9 | L19: cm
B20: Minimale Satelliten Sichtbar: | C20: =MIN(CSV_Import!AI:AI) -> 12 | F20: =F16 -> Median: | G20: =ROUND(TAN(RADIANS(G16))*(($C$8*100)/2-$C$9),2) -> 7.97 | H20: cm | J20: =J16 -> Median: | K20: =ROUND(TAN(RADIANS(K16))*(($C$8*100)/2-$C$9),2) -> 4.1 | L20: cm
B21: maximaler HDOP wert: | C21: =MAX(CSV_Import!AJ:AJ) -> 0.49
F22: Vertikale Bewegung: | J22: Vertikale Bewegung:
F23: Maximale Höhe: | G23: =ROUND(MAX(Kalkulationen!G4:G240),4) -> 0.75 | H23: cm | J23: Maximale Höhe: | K23: =ROUND(MAX(Kalkulationen!H4:H240),4) -> 56.92 | L23: cm
B24: Angaben [deg] in 1e-5 | F24: Minimale Höhe: | G24: =ROUND(MIN(Kalkulationen!G4:G240),4) -> -53.18 | H24: cm | J24: Minimale Höhe: | K24: =ROUND(MIN(Kalkulationen!H4:H240),4) -> -4.24 | L24: cm
F25: Median | G25: =ROUND(MEDIAN(Kalkulationen!G4:G240),4) -> -38.39 | H25: cm | J25: Median | K25: =ROUND(MEDIAN(Kalkulationen!H4:H240),4) -> 27.18 | L25: cm

Sheet CSV_Import
A1: R1_absolute_Heading | B1: R1_Heading | C1: Rover_1_Ang_velo | D1: R1_delta_Heading | E1: R1_Rover_date | F1: R1_Rover_time | G1: Rover_1_Quality | H1: R1_Rover_lon | I1: R1_Rover_lat | J1: Rover_1_accHeading | K1: Rover_1_N | L1: Rover_1_E | M1: Rover_1_D | N1: Rover_1_alt | O1: Rover_1_height_varriation | P1: Rover_1_Speed | Q1: R2_delta_Heading | R1: R2_Heading | S1: Rover_2_Ang_velo | T1: R2_delta_Heading | U1: R2_Rover_date | V1: R2_Rover_time | W1: Rover_2_Quality | X1: R2_Rover_lon | Y1: R2_Rover_lat | Z1: Rover_2_accHeading | AA1: Rover_2_N | AB1: Rover_2_E | AC1: Rover_2_D | AD1: Rover_2_alt | AE1: Rover_2_height_varriation | AF1: Rover_2_Speed | AG1: Base_lon | AH1: Base_lat | AI1: Base_NumSV | AJ1: Base_HDOP | AK1: Base_alt | AL1: Base_Time | AM1: Base_Speed
B2: 274.72092 | C2: 0 | D2: -0.01132 | E2: 45846 | F2: 227700200 | G2: 4 | H2: 9.629357 | I2: 49.679529 | J2: 0.04668 | K2: 101.01 | L2: -1223.16 | M2: 159.11 | N2: 167.3 | O2: 33780 | P2: 0.074 | R2: 66.79076 | S2: 0 | T2: 0.01989 | U2: 45846 | V2: 227700200 | W2: 4 | X2: 9.6296828 | Y2: 49.679564 | Z2: 0.04669 | AA2: 483.61 | AB2: 1127.84 | AC2: 165.04 | AD2: 167.3 | AE2: 33780 | AF2: 0.04 | AG2: 9.6295265 | AH2: 49.67952 | AI2: 12 | AJ2: 0.49 | AK2: 168.9 | AL2: 227700200 | AM2: 0.08
A3: 0.00726 | B3: 274.72818 | C3: 0 | D3: 0.00726 | E3: 45846 | F3: 227700400 | G3: 4 | H3: 9.629357 | I3: 49.67953 | J3: 0.04668 | K3: 101.17 | L3: -1223.14 | M3: 158.87 | N3: 167.3 | O3: 33780 | P3: 0.038 | Q3: 0.00693 | R3: 66.79769 | S3: 0 | T3: 0.00693 | U3: 45846 | V3: 227700400 | W3: 4 | X3: 9.6296828 | Y3: 49.679564 | Z3: 0.04669 | AA3: 483.49 | AB3: 1127.95 | AC3: 164.94 | AD3: 167.3 | AE3: 33780 | AF3: 0.029 | AG3: 9.6295265 | AH3: 49.679521 | AI3: 12 | AJ3: 0.49 | AK3: 168.9 | AL3: 227700400 | AM3: 0.047
A4: 0.01244 | B4: 274.73336 | C4: 0 | D4: 0.00518 | E4: 45846 | F4: 227700600 | G4: 4 | H4: 9.629357 | I4: 49.67953 | J4: 0.04669 | K4: 101.27 | L4: -1223.06 | M4: 159.04 | N4: 167.3 | O4: 33780 | P4: 0.029 | Q4: -0.00162 | R4: 66.78914 | S4: 0 | T4: -0.00855 | U4: 45846 | V4: 227700600 | W4: 4 | X4: 9.6296828 | Y4: 49.679564 | Z4: 0.04669 | AA4: 483.68 | AB4: 1127.91 | AC4: 164.88 | AD4: 167.3 | AE4: 33780 | AF4: 0.01 | AG4: 9.6295265 | AH4: 49.679521 | AI4: 12 | AJ4: 0.49 | AK4: 168.9 | AL4: 227700600 | AM4: 0.045
A5: -0.00044 | B5: 274.72048 | C5: 0 | D5: -0.01288 | E5: 45846 | F5: 227700800 | G5: 4 | H5: 9.629357 | I5: 49.67953 | J5: 0.04668 | K5: 101 | L5: -1223.15 | M5: 159.06 | N5: 167.3 | O5: 33780 | P5: 0.012 | Q5: -0.00434 | R5: 66.78642 | S5: 0 | T5: -0.00272 | U5: 45846 | V5: 227700800 | W5: 4 | X5: 9.6296828 | Y5: 49.679564 | Z5: 0.04669 | AA5: 483.72 | AB5: 1127.87 | AC5: 164.87 | AD5: 167.3 | AE5: 33780 | AF5: 0.012 | AG5: 9.6295265 | AH5: 49.679521 | AI5: 12 | AJ5: 0.49 | AK5: 168.9 | AL5: 227700800 | AM5: 0.042
A6: -0.00366 | B6: 274.71726 | C6: 0 | D6: -0.00322 | E6: 45846 | F6: 227701000 | G6: 4 | H6: 9.629357 | I6: 49.67953 | J6: 0.04668 | K6: 100.93 | L6: -1223.17 | M6: 158.96 | N6: 167.3 | O6: 33780 | P6: 0.039 | Q6: 0.01158 | R6: 66.80234 | S6: 0 | T6: 0.01592 | U6: 45846 | V6: 227701000 | W6: 4 | X6: 9.6296828 | Y6: 49.679564 | Z6: 0.04669 | AA6: 483.38 | AB6: 1127.94 | AC6: 164.55 | AD6: 167.3 | AE6: 33780 | AF6: 0.046 | AG6: 9.6295265 | AH6: 49.679521 | AI6: 12 | AJ6: 0.49 | AK6: 168.9 | AL6: 227701000 | AM6: 0.033
A7: -0.00758 | B7: 274.71334 | C7: 0 | D7: -0.00392 | E7: 45846 | F7: 227701200 | G7: 4 | H7: 9.629357 | I7: 49.67953 | J7: 0.04668 | K7: 100.86 | L7: -1223.33 | M7: 158.46 | N7: 167.4 | O7: 33790 | P7: 0.021 | Q7: 0.02191 | R7: 66.81267 | S7: 0 | T7: 0.01033 | U7: 45846 | V7: 227701200 | W7: 4 | X7: 9.6296828 | Y7: 49.679564 | Z7: 0.04669 | AA7: 483.18 | AB7: 1128.04 | AC7: 164.64 | AD7: 167.3 | AE7: 33780 | AF7: 0.028 | AG7: 9.6295265 | AH7: 49.679521 | AI7: 12 | AJ7: 0.49 | AK7: 168.9 | AL7: 227701200 | AM7: 0.064
A8: -0.01498 | B8: 274.70594 | C8: 0 | D8: -0.0074 | E8: 45846 | F8: 227701400 | G8: 4 | H8: 9.629357 | I8: 49.67953 | J8: 0.04667 | K8: 100.71 | L8: -1223.46 | M8: 158.76 | N8: 167.4 | O8: 33800 | P8: 0.018 | Q8: 0.01386 | R8: 66.80462 | S8: 0 | T8: -0.00805 | U8: 45846 | V8: 227701400 | W8: 4 | X8: 9.6296828 | Y8: 49.679564 | Z8: 0.04669 | AA8: 483.35 | AB8: 1127.98 | AC8: 164.69 | AD8: 167.3 | AE8: 33790 | AF8: 0.021 | AG8: 9.6295265 | AH8: 49.679521 | AI8: 12 | AJ8: 0.49 | AK8: 169 | AL8: 227701400 | AM8: 0.006
A9: -0.01054 | B9: 274.71038 | C9: 0 | D9: 0.00444 | E9: 45846 | F9: 227701600 | G9: 4 | H9: 9.629357 | I9: 49.67953 | J9: 0.04668 | K9: 100.8 | L9: -1223.33 | M9: 158.85 | N9: 167.4 | O9: 33800 | P9: 0.023 | Q9: 0.01721 | R9: 66.80797 | S9: 0 | T9: 0.00335 | U9: 45846 | V9: 227701600 | W9: 4 | X9: 9.6296827 | Y9: 49.679564 | Z9: 0.04669 | AA9: 483.28 | AB9: 1128 | AC9: 164.87 | AD9: 167.3 | AE9: 33790 | AF9: 0.029 | AG9: 9.6295265 | AH9: 49.679521 | AI9: 12 | AJ9: 0.49 | AK9: 169 | AL9: 227701600 | AM9: 0.038
A10: 0.00708 | B10: 274.728 | C10: -0.003902702 | D10: 0.01762 | E10: 45846 | F10: 227701800 | G10: 4 | H10: 9.629357 | I10: 49.67953 | J10: 0.04668 | K10: 101.16 | L10: -1223.16 | M10: 159.35 | N10: 167.4 | O10: 33800 | P10: 0.042 | Q10: 0.01675 | R10: 66.80751 | S10: 0.0084632502 | T10: -0.00046 | U10: 45846 | V10: 227701800 | W10: 4 | X10: 9.6296827 | Y10: 49.679564 | Z10: 0.04669 | AA10: 483.27 | AB10: 1127.97 | AC10: 164.72 | AD10: 167.3 | AE10: 33790 | AF10: 0.044 | AG10: 9.6295265 | AH10: 49.679521 | AI10: 12 | AJ10: 0.49 | AK10: 169 | AL10: 227701800 | AM10: 0.012
A11: 0.00564 | B11: 274.72656 | C11: -0.0034224242 | D11: -0.00144 | E11: 45846 | F11: 227702000 | G11: 4 | H11: 9.629357 | I11: 49.67953 | J11: 0.04668 | K11: 101.14 | L11: -1223.24 | M11: 159.14 | N11: 167.4 | O11: 33800 | P11: 0.008 | Q11: 0.00545 | R11: 66.79621 | S11: 0.00839 | T11: -0.0113 | U11: 45846 | V11: 227702000 | W11: 4 | X11: 9.6296827 | Y11: 49.679564 | Z11: 0.0467 | AA11: 483.43 | AB11: 1127.73 | AC11: 164.74 | AD11: 167.3 | AE11: 33790 | AF11: 0.01 | AG11: 9.6295265 | AH11: 49.679521 | AI11: 12 | AJ11: 0.49 | AK11: 169 | AL11: 227702000 | AM11: 0.023
A12: 0.0018 | B12: 274.72272 | C12: -0.0026418182 | D12: -0.00384 | E12: 45846 | F12: 227702200 | G12: 4 | H12: 9.629357 | I12: 49.67953 | J12: 0.04668 | K12: 101.06 | L12: -1223.22 | M12: 159.26 | N12: 167.4 | O12: 33800 | P12: 0.027 | Q12: 0.00725 | R12: 66.79801 | S12: 0.005050303 | T12: 0.0018 | U12: 45846 | V12: 227702200 | W12: 4 | X12: 9.6296827 | Y12: 49.679564 | Z12: 0.0467 | AA12: 483.41 | AB12: 1127.77 | AC12: 164.84 | AD12: 167.3 | AE12: 33790 | AF12: 0.019 | AG12: 9.6295265 | AH12: 49.679521 | AI12: 12 | AJ12: 0.49 | AK12: 169 | AL12: 227702200 | AM12: 0.029
A13: 0.00152 | B13: 274.72244 | C13: 0.00037333333 | D13: -0.00028 | E13: 45846 | F13: 227702400 | G13: 4 | H13: 9.629357 | I13: 49.67953 | J13: 0.04668 | K13: 101.04 | L13: -1223.13 | M13: 159.01 | N13: 167.4 | O13: 33800 | P13: 0.01 | Q13: -0.00079 | R13: 66.78997 | S13: 0.0013884848 | T13: -0.00804 | U13: 45846 | V13: 227702400 | W13: 4 | X13: 9.6296827 | Y13: 49.679564 | Z13: 0.04669 | AA13: 483.67 | AB13: 1127.95 | AC13: 165.03 | AD13: 167.3 | AE13: 33790 | AF13: 0.027 | AG13: 9.6295263 | AH13: 49.679521 | AI13: 12 | AJ13: 0.49 | AK13: 169 | AL13: 227702400 | AM13: 0.031
A14: 0.0004 | B14: 274.72132 | C14: 0.0051575758 | D14: -0.00112 | E14: 45846 | F14: 227702600 | G14: 4 | H14: 9.629357 | I14: 49.67953 | J14: 0.04668 | K14: 101.03 | L14: -1223.27 | M14: 159.05 | N14: 167.4 | O14: 33800 | P14: 0.017 | Q14: -0.00948 | R14: 66.78128 | S14: -0.0070254545 | T14: -0.00869 | U14: 45846 | V14: 227702600 | W14: 4 | X14: 9.6296827 | Y14: 49.679564 | Z14: 0.04669 | AA14: 483.8 | AB14: 1127.78 | AC14: 164.92 | AD14: 167.3 | AE14: 33790 | AF14: 0.029 | AG14: 9.6295263 | AH14: 49.679521 | AI14: 12 | AJ14: 0.49 | AK14: 169 | AL14: 227702600 | AM14: 0.06
... A238: 0.43732 | B238: 275.15824 | C238: -0.0015090909 | D238: -0.00644 | E238: 45846 | F238: 227752100 | G238: 4 | H238: 9.6293825 | I238: 49.679418 | J238: 0.0465 | K238: 110.79 | L238: -1227.28 | M238: 120.02 | N238: 167 | O238: 33680 | P238: 0.047 | Q238: 0.27188 | R238: 67.06264 | S238: -0.0075593939 | T238: -0.00253 | U238: 45846 | V238: 227752100 | W238: 4 | X238: 9.6297085 | Y238: 49.679451 | Z238: 0.04688 | AA238: 476.31 | AB238: 1125.54 | AC238: 191.94 | AD238: 166.3 | AE238: 33610 | AF238: 0.044 | AG238: 9.6295525 | AH238: 49.679408 | AI238: 12 | AJ238: 0.49 | AK238: 168.2 | AL238: 227752100 | AM238: 0.009

Sheet Kalkulationen
A1: Kalkulationen
D2: Horizontale Auslenkung | G2: Vertikale Bewegung
B3: Rover_time | D3: R1_HA | E3: R2_HA | G3: R1_VA | H3: R2_VA
B4: =(CSV_Import!F2-CSV_Import!$F$2)/1000 -> 0 | D4: =ROUND(TAN(RADIANS(CSV_Import!A2))*((Auswertung!$C$8*100)/2-Auswertung!$C$9),3) -> 0 | E4: =ROUND(TAN(RADIANS(CSV_Import!Q2))*((Auswertung!$C$8/2)*100-Auswertung!$C$9),3) -> 0 | G4: =(CSV_Import!M2-CSV_Import!$M$2) -> 0 | H4: =(CSV_Import!AC2-CSV_Import!$AC$2) -> 0
B5: =(CSV_Import!F3-CSV_Import!$F$2)/1000 -> 0.2 | D5: =ROUND(TAN(RADIANS(CSV_Import!A3))*((Auswertung!$C$8*100)/2-Auswertung!$C$9),3) -> 0.151 | E5: =ROUND(TAN(RADIANS(CSV_Import!Q3))*((Auswertung!$C$8/2)*100-Auswertung!$C$9),3) -> 0.145 | G5: =(CSV_Import!M3-CSV_Import!$M$2) -> -0.24 | H5: =(CSV_Import!AC3-CSV_Import!$AC$2) -> -0.1
B6: =(CSV_Import!F4-CSV_Import!$F$2)/1000 -> 0.4 | D6: =ROUND(TAN(RADIANS(CSV_Import!A4))*((Auswertung!$C$8*100)/2-Auswertung!$C$9),3) -> 0.259 | E6: =ROUND(TAN(RADIANS(CSV_Import!Q4))*((Auswertung!$C$8/2)*100-Auswertung!$C$9),3) -> -0.034 | G6: =(CSV_Import!M4-CSV_Import!$M$2) -> -0.07 | H6: =(CSV_Import!AC4-CSV_Import!$AC$2) -> -0.16
B7: =(CSV_Import!F5-CSV_Import!$F$2)/1000 -> 0.6 | D7: =ROUND(TAN(RADIANS(CSV_Import!A5))*((Auswertung!$C$8*100)/2-Auswertung!$C$9),3) -> -0.009 | E7: =ROUND(TAN(RADIANS(CSV_Import!Q5))*((Auswertung!$C$8/2)*100-Auswertung!$C$9),3) -> -0.091 | G7: =(CSV_Import!M5-CSV_Import!$M$2) -> -0.05 | H7: =(CSV_Import!AC5-CSV_Import!$AC$2) -> -0.17
B8: =(CSV_Import!F6-CSV_Import!$F$2)/1000 -> 0.8 | D8: =ROUND(TAN(RADIANS(CSV_Import!A6))*((Auswertung!$C$8*100)/2-Auswertung!$C$9),3) -> -0.076 | E8: =ROUND(TAN(RADIANS(CSV_Import!Q6))*((Auswertung!$C$8/2)*100-Auswertung!$C$9),3) -> 0.242 | G8: =(CSV_Import!M6-CSV_Import!$M$2) -> -0.15 | H8: =(CSV_Import!AC6-CSV_Import!$AC$2) -> -0.49
B9: =(CSV_Import!F7-CSV_Import!$F$2)/1000 -> 1 | D9: =ROUND(TAN(RADIANS(CSV_Import!A7))*((Auswertung!$C$8*100)/2-Auswertung!$C$9),3) -> -0.158 | E9: =ROUND(TAN(RADIANS(CSV_Import!Q7))*((Auswertung!$C$8/2)*100-Auswertung!$C$9),3) -> 0.457 | G9: =(CSV_Import!M7-CSV_Import!$M$2) -> -0.65 | H9: =(CSV_Import!AC7-CSV_Import!$AC$2) -> -0.4
B10: =(CSV_Import!F8-CSV_Import!$F$2)/1000 -> 1.2 | D10: =ROUND(TAN(RADIANS(CSV_Import!A8))*((Auswertung!$C$8*100)/2-Auswertung!$C$9),3) -> -0.312 | E10: =ROUND(TAN(RADIANS(CSV_Import!Q8))*((Auswertung!$C$8/2)*100-Auswertung!$C$9),3) -> 0.289 | G10: =(CSV_Import!M8-CSV_Import!$M$2) -> -0.35 | H10: =(CSV_Import!AC8-CSV_Import!$AC$2) -> -0.35
B11: =(CSV_Import!F9-CSV_Import!$F$2)/1000 -> 1.4 | D11: =ROUND(TAN(RADIANS(CSV_Import!A9))*((Auswertung!$C$8*100)/2-Auswertung!$C$9),3) -> -0.22 | E11: =ROUND(TAN(RADIANS(CSV_Import!Q9))*((Auswertung!$C$8/2)*100-Auswertung!$C$9),3) -> 0.359 | G11: =(CSV_Import!M9-CSV_Import!$M$2) -> -0.26 | H11: =(CSV_Import!AC9-CSV_Import!$AC$2) -> -0.17
B12: =(CSV_Import!F10-CSV_Import!$F$2)/1000 -> 1.6 | D12: =ROUND(TAN(RADIANS(CSV_Import!A10))*((Auswertung!$C$8*100)/2-Auswertung!$C$9),3) -> 0.148 | E12: =ROUND(TAN(RADIANS(CSV_Import!Q10))*((Auswertung!$C$8/2)*100-Auswertung!$C$9),3) -> 0.349 | G12: =(CSV_Import!M10-CSV_Import!$M$2) -> 0.24 | H12: =(CSV_Import!AC10-CSV_Import!$AC$2) -> -0.32
B13: =(CSV_Import!F11-CSV_Import!$F$2)/1000 -> 1.8 | D13: =ROUND(TAN(RADIANS(CSV_Import!A11))*((Auswertung!$C$8*100)/2-Auswertung!$C$9),3) -> 0.118 | E13: =ROUND(TAN(RADIANS(CSV_Import!Q11))*((Auswertung!$C$8/2)*100-Auswertung!$C$9),3) -> 0.114 | G13: =(CSV_Import!M11-CSV_Import!$M$2) -> 0.03 | H13: =(CSV_Import!AC11-CSV_Import!$AC$2) -> -0.3
B14: =(CSV_Import!F12-CSV_Import!$F$2)/1000 -> 2 | D14: =ROUND(TAN(RADIANS(CSV_Import!A12))*((Auswertung!$C$8*100)/2-Auswertung!$C$9),3) -> 0.038 | E14: =ROUND(TAN(RADIANS(CSV_Import!Q12))*((Auswertung!$C$8/2)*100-Auswertung!$C$9),3) -> 0.151 | G14: =(CSV_Import!M12-CSV_Import!$M$2) -> 0.15 | H14: =(CSV_Import!AC12-CSV_Import!$AC$2) -> -0.2
B15: =(CSV_Import!F13-CSV_Import!$F$2)/1000 -> 2.2 | D15: =ROUND(TAN(RADIANS(CSV_Import!A13))*((Auswertung!$C$8*100)/2-Auswertung!$C$9),3) -> 0.032 | E15: =ROUND(TAN(RADIANS(CSV_Import!Q13))*((Auswertung!$C$8/2)*100-Auswertung!$C$9),3) -> -0.016 | G15: =(CSV_Import!M13-CSV_Import!$M$2) -> -0.1 | H15: =(CSV_Import!AC13-CSV_Import!$AC$2) -> -0.01
... B240: =(CSV_Import!F238-CSV_Import!$F$2)/1000 -> 51.9 | D240: =ROUND(TAN(RADIANS(CSV_Import!A238))*((Auswertung!$C$8*100)/2-Auswertung!$C$9),3) -> 9.121 | E240: =ROUND(TAN(RADIANS(CSV_Import!Q238))*((Auswertung!$C$8/2)*100-Auswertung!$C$9),3) -> 5.671 | G240: =(CSV_Import!M238-CSV_Import!$M$2) -> -39.09 | H240: =(CSV_Import!AC238-CSV_Import!$AC$2) -> 26.9
